device,name,pid,expected_status,expected_replacement,one_hop_status,one_hop_replacement,one_hop_stale,chains_status,chains_replacement,chains_stale
genie-c4507r-ios-12.2,Chassis,WS-C4507R,past support,C9407R,past support,WS-C4507R-E,yes,past support,C9407R,
genie-c4507re-sup7le,Chassis,WS-C4507R+E,past support,C9407R,past support,C9407R,,past support,C9407R,
genie-c4507re-sup7le,Module 1,WS-X4648-RJ45V+E,past support,C9400-LC-48P,past support,WS-X4748-RJ45V+E,yes,past support,C9400-LC-48P,
genie-c4507re-sup7le,Module 3,WS-X45-SUP7L-E,past support,C9400X-SUP-2,past support,WS-X45-SUP8L-E,yes,past support,C9400X-SUP-2,
genie-c4507re-sup7le,Module 6,WS-X4648-RJ45V+E,past support,C9400-LC-48P,past support,WS-X4748-RJ45V+E,yes,past support,C9400-LC-48P,
genie-c4507re-sup7le,Module 7,WS-X4648-RJ45V+E,past support,C9400-LC-48P,past support,WS-X4748-RJ45V+E,yes,past support,C9400-LC-48P,
genie-c4507re-vss,Switch1 System,WS-C4507R+E,past support,C9407R,past support,C9407R,,past support,C9407R,
genie-c4507re-vss,Switch1 Clock Module,WS-X4K-CLOCK-E,past support,,not listed,,,past support,,
genie-c4507re-vss,Switch1 Mux Buffer 1,WS-X4590-EX=,not listed,,not listed,,,not listed,,
genie-c4507re-vss,Switch1 Mux Buffer 2,WS-X4590-EX=,not listed,,not listed,,,not listed,,
genie-c4507re-vss,Switch1 Mux Buffer 5,WS-X4590-EX=,not listed,,not listed,,,not listed,,
genie-c4507re-vss,Switch1 Mux Buffer 6,WS-X4590-EX=,not listed,,not listed,,,not listed,,
genie-c4507re-vss,Switch1 Mux Buffer 7,WS-X4590-EX=,not listed,,not listed,,,not listed,,
genie-c4507re-vss,Switch1 Linecard 1 (virtual slot 1),WS-X4748-RJ45V+E,past support,C9400-LC-48P,past support,C9400-LC-48P,,past support,C9400-LC-48P,
genie-c4507re-vss,Switch1 Linecard 2 (virtual slot 2),WS-X4748-RJ45V+E,past support,C9400-LC-48P,past support,C9400-LC-48P,,past support,C9400-LC-48P,
genie-c4507re-vss,Switch1 Supervisor 3 (virtual slot 3),WS-X45-SUP8-E,past support,C9400X-SUP-2XL,past support,C9400-SUP-1XL,yes,past support,C9400X-SUP-2XL,
genie-c4507re-vss,TenGigabitEthernet1/3/1,SFP-10G-LRM,not listed,,not listed,,,not listed,,
genie-c4507re-vss,TenGigabitEthernet1/3/2,SFP-10G-LRM,not listed,,not listed,,,not listed,,
genie-c4507re-vss,TenGigabitEthernet1/3/3,Unspecified,not listed,,not listed,,,not listed,,
genie-c4507re-vss,TenGigabitEthernet1/3/4,Unspecified,not listed,,not listed,,,not listed,,
genie-c4507re-vss,TenGigabitEthernet1/3/5,Unspecified,not listed,,not listed,,,not listed,,
genie-c4507re-vss,TenGigabitEthernet1/3/6,Unspecified,not listed,,not listed,,,not listed,,
genie-c4507re-vss,Switch1 Linecard 5 (virtual slot 5),WS-X4748-RJ45V+E,past support,C9400-LC-48P,past support,C9400-LC-48P,,past support,C9400-LC-48P,
genie-c4507re-vss,Switch1 Linecard 7 (virtual slot 7),WS-X4748-RJ45V+E,past support,C9400-LC-48P,past support,C9400-LC-48P,,past support,C9400-LC-48P,
genie-c4507re-vss,Switch1 FanTray 1,WS-X4597+E,past support,,not listed,,,past support,,
genie-c4507re-vss,Switch1 Power Supply 1,PWR-C45-2800ACV,past support,C9400-PWR-3200AC,past support,C9400-PWR-3200AC,,past support,C9400-PWR-3200AC,
genie-c4507re-vss,Switch1 Power Supply 2,PWR-C45-2800ACV,past support,C9400-PWR-3200AC,past support,C9400-PWR-3200AC,,past support,C9400-PWR-3200AC,
genie-c4507re-vss,Switch2 System,WS-C4506-E,past support,C9407R,past support,C9407R,,past support,C9407R,
genie-c4507re-vss,Switch2 Supervisor 1 (virtual slot 11),WS-X45-SUP8-E,past support,C9400X-SUP-2XL,past support,C9400-SUP-1XL,yes,past support,C9400X-SUP-2XL,
genie-c4507re-vss,TenGigabitEthernet2/1/1,SFP-10G-LRM,not listed,,not listed,,,not listed,,
genie-c4507re-vss,TenGigabitEthernet2/1/2,SFP-10G-LRM,not listed,,not listed,,,not listed,,
genie-c4507re-vss,TenGigabitEthernet2/1/3,Unspecified,not listed,,not listed,,,not listed,,
genie-c4507re-vss,TenGigabitEthernet2/1/4,Unspecified,not listed,,not listed,,,not listed,,
genie-c4507re-vss,Switch2 Linecard 2 (virtual slot 12),WS-X4648-RJ45V+E,past support,C9400-LC-48P,past support,WS-X4748-RJ45V+E,yes,past support,C9400-LC-48P,
genie-c4507re-vss,Switch2 Linecard 3 (virtual slot 13),WS-X4648-RJ45V+E,past support,C9400-LC-48P,past support,WS-X4748-RJ45V+E,yes,past support,C9400-LC-48P,
genie-c4507re-vss,Switch2 FanTray 1,WS-X4596-E,past support,,not listed,,,past support,,
genie-c4507re-vss,Switch2 Power Supply 1,PWR-C45-2800ACV,past support,C9400-PWR-3200AC,past support,C9400-PWR-3200AC,,past support,C9400-PWR-3200AC,
genie-c4507re-vss,Switch2 Power Supply 2,PWR-C45-2800ACV,past support,C9400-PWR-3200AC,past support,C9400-PWR-3200AC,,past support,C9400-PWR-3200AC,
genie-c4507re-xe-3.3,Chassis,WS-C4507R+E,past support,C9407R,past support,C9407R,,past support,C9407R,
genie-c4507re-xe-3.6,Chassis,WS-C4507R+E,past support,C9407R,past support,C9407R,,past support,C9407R,
genie-c4510re-xe-3.4,Chassis,WS-C4510R+E,past support,C9410R,past support,C9410R,,past support,C9410R,
genie-c9407r,Chassis,C9407R,not listed,,not listed,,,not listed,,
genie-c9407r,Slot 1 Linecard,C9400-LC-48P,not listed,,not listed,,,not listed,,
genie-c9407r,Slot 2 Linecard,C9400-LC-48P,not listed,,not listed,,,not listed,,
genie-c9407r,Slot 5 Linecard,C9400-LC-48P,not listed,,not listed,,,not listed,,
genie-c9407r,Slot 6 Linecard,C9400-LC-48P,not listed,,not listed,,,not listed,,
genie-c9407r,Slot 3 Supervisor,C9400-SUP-1,end of sale,C9400X-SUP-2,end of sale,C9400X-SUP-2,,end of sale,C9400X-SUP-2,
genie-c9407r,TenGigabitEthernet3/0/1,SFP-10G-SR,not listed,,not listed,,,not listed,,
genie-c9407r,TenGigabitEthernet3/0/2,SFP-10G-SR,not listed,,not listed,,,not listed,,
genie-c9407r,TenGigabitEthernet3/0/3,SFP-10G-SR,not listed,,not listed,,,not listed,,
genie-c9407r,TenGigabitEthernet3/0/4,SFP-10G-SR,not listed,,not listed,,,not listed,,
genie-c9407r,TenGigabitEthernet3/0/8,QFBR-5798L,not listed,,not listed,,,not listed,,
genie-c9407r,Power Supply Module 1,C9400-PWR-3200AC,not listed,,not listed,,,not listed,,
genie-c9407r,Power Supply Module 2,C9400-PWR-3200AC,not listed,,not listed,,,not listed,,
genie-c9407r,Fan Tray,C9407-FAN,not listed,,not listed,,,not listed,,
ntc-c4507re-vss-standby,Chassis,WS-C4507R+E,past support,C9407R,past support,C9407R,,past support,C9407R,
ntc-c4507re-vss-standby,Switch 2 module 1,WS-X4712-SFP+E,past support,C9400-LC-24XS,past support,C9400-LC-24XS,,past support,C9400-LC-24XS,
ntc-c4507re-vss-standby,Switch 2 module 2,WS-X4712-SFP+E,past support,C9400-LC-24XS,past support,C9400-LC-24XS,,past support,C9400-LC-24XS,
ntc-c4507re-vss-standby,Switch 2 module 3,WS-X45-SUP7-E,past support,C9400X-SUP-2XL,past support,WS-X45-SUP8-E,yes,past support,C9400X-SUP-2XL,
ntc-c4507re-vss-standby,Switch 2 module 5,WS-X4712-SFP+E,past support,C9400-LC-24XS,past support,C9400-LC-24XS,,past support,C9400-LC-24XS,
